ID,TITLE,DESCRIPTION,DURATION,STATUS,DATE PUBLISHED,KEYWORDS,VIDIQ SCORE,VIEWS,YT LIKES,YT DISLIKES,YT COMMENTS,FB LIKES,FB REACTIONS,FB COMMENTS,FB SHARES,TWEETS,REDDIT UPVOTES,REDDIT POSTS,REDDIT COMMENTS,DESC LINK COUNT,DESC WORD COUNT,CREATOR SUGGESTED,ENGAGEMENT RATE
WkA8CX-wE3Q,Amazing 🍳 Cake Recipe | پین کیک بنانے کا طریقہ | Maryam's Kitchen,"Again Welcome to My Channel with Delicious & Easy Pancakes Recipe.  Super Yummy, Very Easy & Delicious Recipe of Moist & Soft Pancakes without, Butter, Cream, Chocolate, Chocolate Milk, Beater, Measuring Spoons, Butterpaper & Condensed Milk in My Way.  Do LIKE & SHARE the Video. Give Feedback in COMMENT Section and Don't forget to SUBSCRIBE My Channel & Press the Bell Icon for the Latest Recipes from Maryam's Kitchen.  Here are Some of the Links where You Can Connect with Me & Follow My Recipes😍  • YOUTUBE: https://www.youtube.comhttps://www.youtube.com/channel/UC-6ics0efFuJrFoxjIuCNFA  • FACEBOOK: https://m.facebook.com/maryamkitchenpk/  • INSTAGRAM: https://www.instagram.com/maryamkitchenpk/  • TWITTER: https://twitter.com/maryamkitchenpk?s=09  Watch Complete Video for Method & Process. Do write Queries (if any) and Suggestions in Comment Section",-,public,4/2/2022,,15.856206656586746,39,6,0,0,0,0,0,0,0,0,0,0,4,114,7,4
SpYCpvL7vEU,Kofta Pulao Recipe | قوفتہ پلاؤ بنا نے کا طریقہ | Maryam's Kitchen,Kofta Pulao Recipe | قوفتہ پلاؤ بنا نے کا طریقہ | Maryam's Kitchen  Hy All Welcome Again..! Hope you all are Amazing and Doing Well😊  Do LIKE & SHARE the Video. Give Feedback in the COMMENT section. Don't forget to SUBSCRIBE My Channel & Press the Bell Icon for Latest Recipes from Maryam's Kitchen.  Here are Some of the Links where You Can Connect with Me & Follow My Recipes❤  • YOUTUBE: https://www.youtube.comhttps://www.youtube.com/channel/UC-6i...  • FACEBOOK: https://m.facebook.com/maryamkitchenpk/  • INSTAGRAM: https://www.instagram.com/maryamkitch...  • TWITTER: https://twitter.com/maryamkitchenpk?s=09  Music: 春柳 URL: https://enjoymusic.ai,-,public,2/5/2022,"kofta biryani recipe, kofta pulao recipe, maryam kitchen, maryam cooking, قوفتہ بریانی پلاؤ بنا نے کا طریقہ, كرات اللحم, كرات اللحم السويدية, meatball biryani, kofta biryani recipe in urdu, boulette de viande italienne, boulette de viande biryani, frikadellen selber machen, frikadellen braten, frikadellen braten biryani, polpetta, polpetta biryani, بولاو كرات اللحم, pulao de albondigas, pulao aux boulettes de viande, fleischbällchen pulao, chicken kofta recipe, قوفتہ بریانی",22.427200292899194,178,18,0,0,0,0,0,0,0,0,0,0,5,86,16,4
7_28HJfO3JM,Easy Omelette Pizza Recipe | آملیٹ پیزا بنانے کی ترکیب | Maryam's Kitchen,Easy Omelette Pizza Recipe | آملیٹ پیزا بنانے کی ترکیب | Maryam's Kitchen  Hy All Welcome Again..! Hope you all are Amazing and Doing Well😊  Do LIKE & SHARE the Video. Give Feedback in the COMMENT section. Don't forget to SUBSCRIBE My Channel & Press the Bell Icon for Latest Recipes from Maryam's Kitchen.  Here are Some of the Links where You Can Connect with Me & Follow My Recipes❤  • YOUTUBE: https://www.youtube.comhttps://www.youtube.com/channel/UC-6i...  • FACEBOOK: https://m.facebook.com/maryamkitchenpk/  • INSTAGRAM: https://www.instagram.com/maryamkitch...  • TWITTER: https://twitter.com/maryamkitchenpk?s=09,-,public,1/27/2022,"Egg Pizza Recipe, Maryam's Kitchen, Easy Breakfast recipe, omelette recipe, وصفة العجة, عجة البيض, omelette pizza, pizza frittata, easy egg frittata recipe, maryam cooking, pizza frittata veloce, pizza de tortilla fácil, pizza de tortilla rapida, tortilla pizza, tortilla pizza recipe, pizza omelette rapide, einfache omelettepizza, bitza awmlit sahla, bitza eijat sariea, آملیٹ پیزا, آسان آملیٹ پیزا, آملیٹ پیزا بنانے کا طریقہ, آملیٹ پیزا کی ترکیب, pizza de omelete, ovo",22.427200292899194,178,14,0,0,0,0,0,0,0,0,0,0,4,82,8,3
6bbzDRWt_xg,Vegetable Fried Rice Recipe By Maryam's Kitchen,Restaurant Style Vegetable Fried Rice Recipe By Maryam's Kitchen  Hy All Welcome Again..! Hope you all are Amazing and Doing Well😊  Do LIKE & SHARE the Video. Give Feedback in the COMMENT section. Don't forget to SUBSCRIBE My Channel & Press the Bell Icon for Latest Recipes from Maryam's Kitchen.  Here are Some of the Links where You Can Connect with Me & Follow My Recipes❤  • YOUTUBE: https://www.youtube.comhttps://www.youtube.com/channel/UC-6i...  • FACEBOOK: https://m.facebook.com/maryamkitchenpk/  • INSTAGRAM: https://www.instagram.com/maryamkitch...  • TWITTER: https://twitter.com/maryamkitchenpk?s=09  Restaurant Style Vegetable Fried Rice Recipe By Maryam's Kitchen  QUERIES SOLVED! https://www.youtube.com/hashtag/howtocook https://www.youtube.com/hashtag/friedrice https://www.youtube.com/hashtag/rizsaut%C3%A9 https://www.youtube.com/hashtag/risofritto https://www.youtube.com/hashtag/havu%C3%A7lupilav https://www.youtube.com/hashtag/havu%C3%A7lupilavtarifi https://www.youtube.com/hashtag/rizfritavecdesl%C3%A9gumes https://www.youtube.com/hashtag/rizsaute https://www.youtube.com/hashtag/rizfritauxcarottes https://www.youtube.com/hashtag/rizfritauxpommesdeterre https://www.youtube.com/hashtag/risovegetalefritto https://www.youtube.com/hashtag/risofrittodipatate https://www.youtube.com/hashtag/carrotfriedrice https://www.youtube.com/hashtag/carrotricerecipe https://www.youtube.com/hashtag/potatoricerecipe https://www.youtube.com/hashtag/karottegebratenerreis https://www.youtube.com/hashtag/nasigorengsayur https://www.youtube.com/hashtag/nasigorengsayurrecep https://www.youtube.com/hashtag/nasigorengwortel https://www.youtube.com/hashtag/wortelnasigoreng https://www.youtube.com/hashtag/%D8%A3%D8%B1%D8%B2_%D9%85%D9%82%D9%84%D9%8A_%D8%A8%D8%A7%D9%84%D8%AE%D8%B6%D8%B1%D9%88%D8%A7%D8%AA https://www.youtube.com/hashtag/%D8%A3%D8%B1%D8%B2_%D9%85%D9%82%D9%84%D9%8A  https://www.youtube.com/hashtag/%D8%A7%D9%84%D8%B1%D8%B2_%D8%A7%D9%84%D8%B5%D9%8A%D9%86%D9%8A_%D8%A8%D8%A7%D9%84%D8%AE%D8%B6%D8%A7%D8%B1 https://www.youtube.com/hashtag/%D8%A2%D8%B4%D9%BE%D8%B2%DB%8C https://www.youtube.com/hashtag/%D8%AE%D9%88%D8%B1%D8%A7%DA%A9_%D8%A8%D8%B1%D9%86%D8%AC_%D8%B3%D8%B1%D8%AE_%D8%B4%D8%AF%D9%87_%D8%A8%D8%A7_%D8%B3%D8%A8%D8%B2%DB%8C%D8%AC%D8%A7%D8%AA https://www.youtube.com/hashtag/vegetarian https://www.youtube.com/hashtag/vegetables https://www.youtube.com/hashtag/vegrecipe  https://www.youtube.com/hashtag/friedrice https://www.youtube.com/hashtag/vegpulav https://www.youtube.com/hashtag/vegpulao https://www.youtube.com/hashtag/rice  https://www.youtube.com/hashtag/vegrice https://www.youtube.com/hashtag/vegricepulao https://www.youtube.com/hashtag/healthy https://www.youtube.com/hashtag/new  https://www.youtube.com/hashtag/year https://www.youtube.com/hashtag/newyear https://www.youtube.com/hashtag/vegpulaobananekatarika https://www.youtube.com/hashtag/vegfriedricebananekatarika https://www.youtube.com/hashtag/newyoutuber  https://www.youtube.com/hashtag/friedricerecipe https://www.youtube.com/hashtag/restaurant https://www.youtube.com/hashtag/style https://www.youtube.com/hashtag/restaurantstyle https://www.youtube.com/hashtag/streetfood https://www.youtube.com/hashtag/streetstyle https://www.youtube.com/hashtag/street https://www.youtube.com/hashtag/streetstylefriedrice https://www.youtube.com/hashtag/chinese https://www.youtube.com/hashtag/chinesefood https://www.youtube.com/hashtag/chinesestylefriedrice https://www.youtube.com/hashtag/chinesefryricerecipe https://www.youtube.com/hashtag/chinesefryrice https://www.youtube.com/hashtag/chinesestylefriedricerecipe https://www.youtube.com/hashtag/easy https://www.youtube.com/hashtag/easyrecipe https://www.youtube.com/hashtag/easyfriedrice https://www.youtube.com/hashtag/homemade https://www.youtube.com/hashtag/homemadefriedrice https://www.youtube.com/hashtag/maryam https://www.youtube.com/hashtag/kitchen   Music: A New Beginning Musician: Agnese Valmaggia URL: https://filmmusic.io/song/6510-a-new-... License: https://creativecommons.org/licenses/...,-,public,12/28/2021,"#howtocook, fried rice, riz sauté, riso fritto, أرز مقلي بالخضروات, أرز مقلي, الرز الصيني بالخضار, آشپزی, خوراک برنج سرخ شده با سبزیجات, havuçlu pilav, havuçlu pilav tarifi, riz frit avec des légumes, riz saute, riz frit aux carottes, riz frit aux pommes de terre, riso vegetale fritto, riso fritto di patate, carrot fried rice, carrot rice recipe, potato rice recipe, karotte gebratener reis, nasi goreng sayur, nasi goreng sayur recep, nasi goreng wortel, wortel nasi goreng",24.584270563266745,293,14,0,0,0,0,0,0,0,0,0,0,68,162,1,2
ZgFg6x2pdf0,"If you have these Ingredients at Home, You can make Delightful Dessert | Maryam's Kitchen","If you have these Ingredients at Home, You can make Delightful Dessert | Maryam's Kitchen",-,public,12/8/2021,"food, food recipes, recipes, homemade, homemade recipes, homemade food, delicious food, delicious recipes, Quick recipes, Tasty recipes, Easy Recipes, Meal",21.509775004326936,144,7,0,0,0,0,0,0,0,0,0,0,0,15,9,2
2dJu71-C5zU,Bakery Style Bread Chicken Patties without Oven | Must Try Recipe for Every Home | Maryam's Kitchen,"Bakery Style Bread Chicken Patties Recipe without Oven By Maryam's Kitchen Must Try Recipe for Every Home.  Greetings 😊 Welcome Again. Hope you all are Amazing, Well & Enjoying the Blessings of Life😍  Here is One of the Easiest & Yummy Recipe for Brunch or Snacks. Bakery Style Bread Chicken Patties Recipe without Oven By Maryam's Kitchen Must Try Recipe for Every Home.  Watch Complete Recipe for Complete Method & Process.  Do LIKE & SHARE the Video. Give Feedback in the COMMENT section. Don't forget to SUBSCRIBE My Channel & Press the Bell Icon for Latest Recipes from Maryam's Kitchen.  Here are Some of the Links where You Can Connect with Me & Follow My Recipes❤  • YOUTUBE: https://www.youtube.comhttps://www.youtube.com/channel/UC-6i...  • FACEBOOK: https://m.facebook.com/maryamkitchenpk/  • INSTAGRAM: https://www.instagram.com/maryamkitch...  • TWITTER: https://twitter.com/maryamkitchenpk?s=09  Bakery Style Bread Chicken Patties Recipe without Oven By Maryam's Kitchen Must Try Recipe for Every Home.  QUERIES SOLVED!   Music: A New Beginning Musician: Agnese Valmaggia URL: https://filmmusic.io/song/6510-a-new-... License: https://creativecommons.org/licenses/...",-,public,9/2/2021,,26.647929148085524,472,34,0,0,0,0,0,0,0,0,0,0,6,158,9,3
eQQ8pruS1XM,Cup Measuring Fluffy Doughnut Recipe | Fluffy Doughball Recipe | Fluffy Donut | Maryam's Kitchen,"Cup Measuring Fluffy Doughnut Recipe | Fluffy Doughball Recipe | Fluffy Donut  Welcome Again😊 Hope you all are fine & well, Also following the SOP's for Covid 19.  Here is Another Delicious Recipe of Cup Measuring Fluffy Doughnut Or Fluffy Doughball Or Fluffy Donut which is Very Easy to Make & Taste another level of Deliciousness😋  Do LIKE & SHARE the Video. Give Feedback in the COMMENT section. Don't forget to SUBSCRIBE My Channel & Press the Bell Icon for Latest Recipes from Maryam's Kitchen.  Here are Some of the Links where You Can Connect with Me & Follow My Recipes❤  • YOUTUBE: https://www.youtube.comhttps://www.youtube.com/channel/UC-6i...  • FACEBOOK: https://m.facebook.com/maryamkitchenpk/  • INSTAGRAM: https://www.instagram.com/maryamkitch...  • TWITTER: https://twitter.com/maryamkitchenpk?s=09  Cup Measuring Fluffy Doughnut Recipe | Fluffy Doughball Recipe | Fluffy Donut  QUERIES SOLVED! https://www.youtube.com/hashtag/cupmeasuringrecipe https://www.youtube.com/hashtag/doughnut https://www.youtube.com/hashtag/doughball https://www.youtube.com/hashtag/doughnutrecipe https://www.youtube.com/hashtag/doughballrecipe https://www.youtube.com/hashtag/donut https://www.youtube.com/hashtag/donutrecipe https://www.youtube.com/hashtag/cupmeasuringfluffydonutrecipe https://www.youtube.com/hashtag/cupmeasuringfluffydoughnutrecipe https://www.youtube.com/hashtag/cupmeasuringfluffydoughballrecipe https://www.youtube.com/hashtag/doughnutrecipeathomelikebakery https://www.youtube.com/hashtag/burgerbunrecipeathomelikebakery  Music: A New Beginning Musician: Agnese Valmaggia URL: https://filmmusic.io/song/6510-a-new-... License: https://creativecommons.org/licenses/...",-,public,8/16/2021,"how to make, how to cook, how to bake, cup measuring recipe, doughnut, doughball, doughnut recipe, doughball recipe, donut, donut recipe, cup measuring fluffy donut recipe, cup measuring fluffy doughnut recipe, cup measuring fluffy doughball recipe, burger buns recipe at home like bakery, doughnut recipe at home like bakery",26.10131915442328,416,11,0,0,0,0,0,0,0,0,0,0,18,150,15,2
pU8Mky5AREc,White Beef Yakhni Pulao | بیف یخنی پلاؤ بنانے کا طریقہ | Maryam's Kitchen,"Hy All..! Welcome Again  Here is Another Recipe for Beginners "" White Beef Yakhni Pulao "" Very Easy and Taste Delicious. Try this Yummiest Pulao and Share the Taste with Your Loved Ones😍  Do LIKE & SHARE the Video. Give Feedback in the COMMENT section. Don't forget to SUBSCRIBE My Channel & Press the Bell Icon for Latest Recipes from Maryam's Kitchen.  Here are Some of the Links where You Can Connect with Me & Follow My Recipes❤  • YOUTUBE: https://www.youtube.comhttps://www.youtube.com/channel/UC-6i...  • FACEBOOK: https://m.facebook.com/maryamkitchenpk/  • INSTAGRAM: https://www.instagram.com/maryamkitch...  • TWITTER: https://twitter.com/maryamkitchenpk?s=09  White Beef Yakhni Pulao بیف یخنی پلاؤ بنانے کا طریقہ QUERIES SOLVED! https://www.youtube.com/hashtag/whitebeefyakhnipulao https://www.youtube.com/hashtag/beefyaknipulao https://www.youtube.com/hashtag/yakhnipulao https://www.youtube.com/hashtag/pulao https://www.youtube.com/hashtag/beefpulao https://www.youtube.com/hashtag/whiteyakhnipulao https://www.youtube.com/hashtag/whitebeefpulao https://www.youtube.com/hashtag/whitepulao https://www.youtube.com/hashtag/bakraeid https://www.youtube.com/hashtag/eidwhitepulao https://www.youtube.com/hashtag/eidpulao https://www.youtube.com/hashtag/whitepulaokatarika https://www.youtube.com/hashtag/whitepulaobnanekatarika https://www.youtube.com/hashtag/beefpulaobnanekatarika https://www.youtube.com/hashtag/yakhnipulaobnanekatarika https://www.youtube.com/hashtag/bannubeefpulao  Music: A New Beginning Musician: Agnese Valmaggia URL: https://filmmusic.io/song/6510-a-new-... License: https://creativecommons.org/licenses/...",-,public,8/1/2021,"food insider, street food, food wars, bakra eid white pulao, white beef yakhni pulao, white pulao banane ka tarika, bakra eid special recipes, shadiyon wala pulao, punjab ka mashhoor pulao, bannu beef pulao recipe, kitchen with amna, cooking with shabana, degi yakhni beef pulao, aloo pulao recipe, indian recipes, aloo beef white pulao recipe cooking with asifa, aloo white pulao, pakistani recipe, halal south asian recipe, بیف یخنی پلاؤ بنانے کا طریقہ, mutton pulao recipe",27.700859030279105,602,28,0,0,0,0,0,0,0,0,0,0,22,129,8,2
wo5lTUn8dNE,Chicken Cheese Spring Roll Recipe | Crispy Chicken Cheese Rolls | Maryam's Kitchen,Chicken Cheese Spring Roll Recipe | Crispy Chicken Cheese Rolls | Maryam's Kitchen  Hy All😄 Hope You All are Fine & Well and Keeping All the Precaution & SoP's of COVID-19.  I'm back with Another Delicious Recipe of Chicken Cheese Spring Rolls with Very Few Ingredients which are Definitely Tasty as well as Healthy & Nutritious for All Age Group.   Here are Some of the Links where You Can Connect with Me & Follow My Recipes♥️  • YOUTUBE: https://www.youtube.comhttps://www.youtube.com/channel/UC-6ics0efFuJrFoxjIuCNFA  • FACEBOOK: https://m.facebook.com/maryamkitchenpk/  • INSTAGRAM: https://www.instagram.com/maryamkitchenpk/  • TWITTER: https://twitter.com/maryamkitchenpk?s=09   https://www.youtube.com/hashtag/chicken_cheese_spring_roll_recipe    Music: A New Beginning Musician: Agnese Valmaggia URL: https://filmmusic.io/song/6510-a-new-beginning License: https://creativecommons.org/licenses/by/4.0/legalcode,-,public,7/11/2021,"chicken cheese spring roll recipe, spring roll, chicken cheese roll, rana hamza saif, street food pk, food fusion, kitchen with amna, chicken cheese dinner rolls, merium pervaiz, maryam kitchen, chinese cheese spring roll, chicken cheese rolls homemade, crispy roll recipe, ijaz ansari, baba food rrc, gordon ramsay, kitchen nightmares, how to make spring roll, food secrets, filled rolls, chicken dinner rolls recipe, easy 5 min recipe at home, how to cook, maryam's kitchen",28.915307741971418,797,13,0,0,0,0,0,0,0,0,0,0,7,100,8,1
z_v8hKEeDnc,Rich & Flavourful Shahi Tukre in Unique Style | Double Ka Meetha by Maryam's Kitchen,"Hy All..! Welcome Again😄  And the wait is Over. Here is Very Unique, Easy & Delicious Sweet Dish Recipe for Special Events Or Some Happy Moments. ""Shahi Tukre Or Double Ka Meetha"" By Maryam's Kitchen which is So Flavourful, Rich & Very Healthy. Enjoy with Your Loved Ones😍  Do LIKE & SHARE the Video. Give Feedback in COMMENT Section and Don't forget to SUBSCRIBE My Channel & Press the Bell Icon for latest Recipes from Maryam's Kitchen.  Here are Some of the Links where You Can Connect with Me & Follow My Recipes♥️  • YOUTUBE: https://www.youtube.comhttps://www.youtube.com/channel/UC-6ics0efFuJrFoxjIuCNFA  • FACEBOOK: https://m.facebook.com/maryamkitchenpk/  • INSTAGRAM: https://www.instagram.com/maryamkitchenpk/  • TWITTER: https://twitter.com/maryamkitchenpk?s=09  Queries Solved! https://www.youtube.com/hashtag/sweetdish https://www.youtube.com/hashtag/sweetrecipe https://www.youtube.com/hashtag/shahitukre https://www.youtube.com/hashtag/shahirecipe https://www.youtube.com/hashtag/shahitukre https://www.youtube.com/hashtag/royalrecipe https://www.youtube.com/hashtag/royaldish https://www.youtube.com/hashtag/shahitukrerecipe https://www.youtube.com/hashtag/shahidish https://www.youtube.com/hashtag/doublekameetha",-,public,5/20/2021,,31.472552630220896,1439,44,0,0,0,0,0,0,0,0,0,0,14,117,17,2